-- Заполнение таблицы theatres
INSERT INTO theatres (th_name, th_place) VALUES
                                             ('Большой театр', 'Москва'),
                                             ('Малый театр', 'Санкт-Петербург'),
                                             ('Государственный театр', 'Москва'),
                                             ('Драматический театр', 'Санкт-Петербург'),
                                             ('Молодежный театр', 'Екатеринбург');

-- Заполнение таблицы hall
INSERT INTO hall (th_id, place_count) VALUES
                                          (1, 200),
                                          (2, 150),
                                          (3, 250),
                                          (4, 300),
                                          (5, 250);

-- Заполнение таблицы performances
INSERT INTO performances (perf_name, hall_id, perf_date, perf_time) VALUES
                                                                        ('Ромео и Джульетта', 1, '2023-10-15', '19:00:00'),
                                                                        ('Щелкунчик', 2, '2023-10-20', '18:30:00'),
                                                                        ('Лебединое озеро', 1, '2023-11-01', '20:00:00'),
                                                                        ('Ромео и Джульетта', 1, '2023-11-01', '17:00:00'),
                                                                        ('Вишневый сад', 2, '2023-11-02', '18:30:00'),
                                                                        ('Три сестры', 3, '2023-11-03', '20:00:00');

-- Заполнение таблицы seats
INSERT INTO seats (perf_id, row, seat, price, is_available) VALUES
                                                                (1, 1, 1, 3000, FALSE),
                                                                (1, 1, 2, 3000, FALSE),
                                                                (1, 1, 3, 3000, FALSE),
                                                                (1, 2, 1, 2500, TRUE),
                                                                (1, 2, 2, 2500, TRUE),
                                                                (2, 1, 1, 2000, FALSE),
                                                                (2, 1, 2, 2000, TRUE),
                                                                (3, 1, 1, 3500, FALSE),
                                                                (3, 1, 2, 3500, TRUE),
                                                                (3, 1, 3, 3500, TRUE),
                                                                (3, 2, 1, 3000, TRUE);

-- Заполнение таблицы tickets
INSERT INTO tickets (seat_id, ticket_date, ticket_time) VALUES
                                                            (1, '2023-11-01', '19:00:00'),
                                                            (2, '2023-11-02', '18:30:00'),
                                                            (3, '2023-11-03', '20:00:00'),
                                                            (4, '2023-11-01', '19:00:00'),
                                                            (5, '2023-11-03', '20:00:00');

-- Заполнение таблицы client
INSERT INTO client (ticket_id, name, surname, patronymic) VALUES
                                                            (1, 'Иван', 'Иванов', 'Иванович'),
                                                            (2, 'Петр', 'Петров', NULL),
                                                            (3, 'Анна', 'Сидорова', 'Алексеевна'),
                                                            (4, 'Мария', 'Кузнецова', NULL),
                                                            (5, 'Дмитрий', 'Сергеев', 'Сергеевич');

